Date,Symbol,Score,Signal
2026-06-21,QQQM,100,STRONG BUY
2026-06-21,SMH,100,STRONG BUY
2026-06-21,RKLB,60,HOLD
2026-06-21,URA,0,WAIT
2026-06-22,RKLB,80,BUY
2026-06-22,URA,40,HOLD
2026-06-21,QQQM,100,STRONG BUY
2026-06-21,SMH,100,STRONG BUY
2026-06-21,RKLB,60,HOLD
2026-06-21,URA,0,WAIT
2026-06-21,QQQM,100,STRONG BUY
2026-06-21,SMH,100,STRONG BUY
2026-06-21,RKLB,60,HOLD
2026-06-21,URA,0,WAIT
2026-06-21,QQQM,100,STRONG BUY
2026-06-21,SMH,100,STRONG BUY
2026-06-21,RKLB,60,HOLD
2026-06-21,URA,0,WAIT
2026-06-21,QQQM,100,STRONG BUY
2026-06-21,SMH,100,STRONG BUY
2026-06-21,RKLB,60,HOLD
2026-06-21,URA,0,WAIT
2026-06-21,QQQM,100,STRONG BUY
2026-06-21,SMH,100,STRONG BUY
2026-06-21,RKLB,60,HOLD
2026-06-21,URA,0,WAIT
2026-06-21,QQQM,100,STRONG BUY
2026-06-21,SMH,100,STRONG BUY
2026-06-21,RKLB,60,HOLD
2026-06-21,URA,0,WAIT
2026-06-21,QQQM,100,STRONG BUY
2026-06-21,SMH,100,STRONG BUY
2026-06-21,RKLB,60,HOLD
2026-06-21,URA,0,WAIT
2026-06-21,QQQM,100,STRONG BUY
2026-06-21,SMH,100,STRONG BUY
2026-06-21,RKLB,60,HOLD
2026-06-21,URA,0,WAIT
2026-06-21,QQQM,100,STRONG BUY
2026-06-21,SMH,100,STRONG BUY
2026-06-21,RKLB,60,HOLD
2026-06-21,URA,0,WAIT
2026-06-21,QQQM,100,STRONG BUY
2026-06-21,SMH,100,STRONG BUY
2026-06-21,RKLB,60,HOLD
2026-06-21,URA,0,WAIT
2026-06-23,QQQM,100,STRONG BUY
2026-06-23,SMH,100,STRONG BUY
2026-06-23,RKLB,30,WAIT
2026-06-23,URA,0,WAIT
